authorizer,enterer,modifier,reference_no,author1init,author1last,author2init,author2last,otherauthors,pubyr,reftitle,pubtitle,editors,pubvol,pubno,firstpage,lastpage,publication_type,basis,language,doi,comments,project_name,project_ref_no,created,modified
"M. Clapham","M. Clapham",,27457,"N. W.",Archbold,,,,1980,"Mingenewia n. gen. (Strophalosiidina, Brachiopoda) from the Western Australian Permian","Journal of Paleontology",,54,1,253,258,"journal article","stated without evidence",English,,,,,"2008-06-27 16:42:01","2008-06-28 09:42:01"
"M. Clapham","M. Clapham",,27458,"N. W.",Archbold,,,,1980,"Studies on Western Australian Permian brachiopods 1. The family Anopliidae (Chonetidina)","Proceedings of the Royal Society of Victoria",,92,,181,192,"journal article","stated without evidence",English,,,,,"2008-06-27 16:45:42","2008-06-28 09:45:42"
"M. Clapham","M. Clapham",,27336,"N. W.",Archbold,,,,1981,"Studies on Western Australian Permian brachiopods 2. The Family Rugosochonetidae Muir-Wood 1962","Proceedings of the Royal Society of Victoria",,93,,109,128,"journal article","stated without evidence",English,,,,,"2008-06-07 11:34:16","2008-06-08 04:34:16"
"M. Clapham","M. Clapham",,27459,"N. W.",Archbold,,,,1981,"Quinquenella (Chonetidina, Brachiopoda) from the Permian of Western Australia","Journal of Paleontology",,55,1,204,210,"journal article","stated without evidence",English,,,,,"2008-06-27 16:53:13","2008-06-28 09:53:13"
"M. Clapham","M. Clapham",,27460,"N. W.",Archbold,,,,1981,"Svalbardia (Chonetidina, Brachiopoda) from the Kungurian (Permian) of Western Australia",Alcheringa,,5,,1,8,"journal article","stated without evidence",English,,,,,"2008-06-27 16:57:30","2008-06-28 09:57:30"
"M. Clapham","M. Clapham",,27547,"N. W.",Archbold,,,,1981,"A new species of Tornquistia (Brachiopoda: Chonetidina) from the Artinskian (Permian) of Western Australia","Memoirs of the National Museum, Victoria",,42,,7,14,"journal article","stated without evidence",English,,,,,"2008-07-04 17:54:24","2008-07-05 10:54:24"
"M. Clapham","M. Clapham",,27548,"N. W.",Archbold,,,,1981,"Lingula (Lingulidae, Brachiopoda) from the late Artinskian (Permian), Carnarvon Basin, Western Australia","Proceedings of the Royal Society of Victoria",,93,,169,180,"journal article","stated without evidence",English,,,,,"2008-07-04 17:58:22","2008-07-05 10:58:22"
"M. Clapham","T. Wolfe",,37657,"N. W.",Archbold,,,,1981,"Fish scales from the Permian of Western Australia","Journal of the Royal Society of Western Australia",,4,1,23,26,"journal article","stated with evidence",English,,,,,"2011-09-16 10:30:29","2011-09-16 10:30:29"
"D. Bottjer","M. Clapham",,16868,"N. W.",Archbold,,,,1983,"Permian marine invertebrate provinces of the Gondwana Realm",Alcheringa,,7,,59,73,"journal article","stated with evidence",English,,,,,"2006-03-14 13:15:01","2006-03-15 08:15:01"
"M. Clapham","M. Clapham",,27339,"N. W.",Archbold,,,,1983,"Studies on Western Australian Permian brachiopods 3. The Family Linoproductidae Stehli 1954","Proceedings of the Royal Society of Victoria",,95,4,237,254,"journal article","stated without evidence",English,,,,,"2008-06-07 12:11:29","2008-06-08 05:11:29"
"M. Clapham","M. Clapham",,27366,"N. W.",Archbold,,,,1984,"Western Australian occurrences of the Permian brachiopod genus Retimarginifera",Alcheringa,,8,,113,122,"journal article","stated without evidence",English,,,,,"2008-06-10 10:17:41","2008-06-11 03:17:41"
"M. Clapham","M. Clapham",,27550,"N. W.",Archbold,,,,1984,"Studies on Western Australian Permian brachiopods 4. Productellidae Schuchert & LeVene 1929 and Overtoniidae Muir-Wood & Cooper 1960","Proceedings of the Royal Society of Victoria",,96,2,83,92,"journal article","stated without evidence",English,,,,,"2008-07-04 18:48:49","2008-07-05 11:48:49"
"M. Clapham","M. Clapham",,27477,"N. W.",Archbold,,,,1985,"Studies on Western Australian Permian brachiopods 5. The family Dictyoclostidae Stehli 1954","Proceedings of the Royal Society of Victoria",,97,1,19,30,"journal article","stated without evidence",English,,,,,"2008-06-27 22:39:18","2008-06-28 15:39:18"
"M. Clapham","M. Clapham",,27301,"N. W.",Archbold,,,,1986,"Studies on Western Australian Permian brachiopods 6. The genera Strophalosia King, 1844, Heteralosia King, 1938 and Echinalosia Waterhouse, 1967","Proceedings of the Royal Society of Victoria",,98,,97,119,"journal article","stated without evidence",English,,,,,"2008-06-05 14:13:22","2008-06-06 07:13:22"
"M. Clapham","M. Clapham",,27551,"N. W.",Archbold,,,,1986,"Megasteges septentrionalis (Etheridge, 1907), a Permian brachiopod from the Northern Territory redescribed","Proceedings of the Royal Society of Victoria",,98,1,49,51,"journal article","stated without evidence",English,,,,,"2008-07-04 19:16:14","2008-07-05 12:16:14"
"M. Clapham","M. Clapham",,33428,"N. W.",Archbold,,,,1986,"Tivertonia yarrolensis (Maxwell) (Chonetidina, Brachiopoda) from the Permian of the Sydney Basin, Australia",Alcheringa,,10,,413,415,"journal article","stated with evidence",English,,,,,"2010-08-28 08:57:48","2010-08-29 01:57:48"
"M. Clapham","M. Clapham",,27307,"N. W.",Archbold,,,,1987,"Studies on Western Australian Permian brachiopods 7. The strophalosiid genera Wyndhamia Booker, 1929, Lialosia Muir-Wood and Cooper, 1960 and Liveringia gen. nov.","Proceedings of the Royal Society of Victoria",,99,,19,35,"journal article","stated without evidence",English,,,,,"2008-06-05 15:09:39","2008-06-06 08:09:39"
"D. Bottjer","M. Clapham","M. Clapham",10831,"N. W.",Archbold,,,,1988,"Permian Brachiopoda and Bivalvia from Sahul Shoals No. 1, Ashmore Block, northwestern Australia","Proceedings of the Royal Society of Victoria",,100,,33,38,"journal article","stated without evidence",,,,,,"2004-06-12 10:39:18","2004-06-13 03:39:18"
"W. Kiessling","U. Merkel",,25171,"N. W.",Archbold,,,,1988,"Studies on Western Australian Permian brachiopods 8: The Late Permian brachiopod fauna of the Kirkby Range Member, Canning Basin","Proceedings of the Royal Society of Victoria",,100,,21,32,"journal article","stated without evidence",English,,,,,"2007-08-28 06:31:01","2007-08-28 23:31:01"
"M. Clapham","M. Clapham",,27552,"N. W.",Archbold,,,,1990,"Studies on Western Australian Permian brachiopods 9. The Sterlitamakian brachiopod fauna of the Cuncudgerie Sandstone, Canning Basin","Proceedings of the Royal Society of Victoria",,102,1,1,13,"journal article","stated without evidence",English,,,,,"2008-07-04 20:19:20","2008-07-05 13:19:20"
"W. Kiessling","U. Merkel",,18956,"N. W.",Archbold,,,,1991,"Studies on Western Australian Permian brachiopods 10. Faunas from the Wooramel Group, Carnarvon Basin","Proceedings of the Royal Society of Victoria",,103,2,55,66,"journal article","stated without evidence",English,,,,,"2006-10-04 02:34:27","2006-10-04 19:34:42"
"M. Clapham","M. Clapham",,30150,"N. W.",Archbold,,,,1991,"Trigonotreta (Spiriferida, Brachiopoda) from the Early Permian of Victoria",Alcheringa,,15,,321,326,"journal article","stated with evidence",English,,,,,"2009-06-28 11:09:01","2009-06-29 04:09:01"
"M. Clapham","M. Clapham",,27929,"N. W.",Archbold,,,,1993,"Studies on Western Australia Permian brachiopods 11. New genera, species and records","Proceedings of the Royal Society of Victoria",,105,1,1,29,"journal article","stated without evidence",English,,,,,"2008-08-09 20:05:31","2008-08-10 13:05:31"
"M. Clapham","M. Clapham",,27869,"N. W.",Archbold,,,,1995,"Ufimian (early Late Permian) brachiopods from the Perth Basin, Western Australia","Memoirs of the Association of Australasian Palaeontologists",,18,,153,163,"journal article","stated without evidence",English,,,,,"2008-08-04 15:59:29","2008-08-05 08:59:29"
"M. Clapham","M. Clapham",,28321,"N. W.",Archbold,,,,1995,"Studies on Western Australian Permian brachiopods 12. Additions to the late Asselian-Tastubian faunas","Proceedings of the Royal Society of Victoria",,107,2,95,112,"journal article","stated with evidence",English,,,,,"2008-10-25 17:46:57","2008-10-26 11:46:57"
"W. Kiessling","U. Merkel",,18936,"N. W.",Archbold,,,,1996,"Studies on Western Australian Permian brachiopods 13. The fauna of the Artinskian Mingenew Formation, Perth Basin","Proceedings of the Royal Society of Victoria",,108,1,17,42,"journal article","stated without evidence",English,,,,,"2006-09-29 05:03:33","2006-09-29 22:03:51"
"W. Kiessling","U. Merkel",,18935,"N. W.",Archbold,,,,1997,"Studies on Western Australian Permian brachiopods 14. The fauna of the Artinskian High Cliff Sandstone, Perth Basin","Proceedings of the Royal Society of Victoria",,109,2,199,231,"journal article","stated without evidence",English,,,,,"2006-09-29 02:57:23","2006-09-29 19:57:23"
"M. Clapham","M. Clapham",,27340,"N. W.",Archbold,T.,Hogeboom,,2000,"Subsurface Brachiopoda from borehole cores through the Early Permian sequence of the Carnarvon Basin, Western Australia: correlations with palynological biostratigraphy","Proceedings of the Royal Society of Victoria",,112,1,93,109,"journal article","stated without evidence",English,,,,,"2008-06-07 12:14:44","2008-06-08 05:14:44"
"W. Kiessling","U. Merkel",,18939,"N. W.",Archbold,"G. R.",Shi,,1993,"Aktastinian (Early Artinskian, Early Permian) brachiopods from the Jimba Jimba Calcarenite, Wooramel Group, Carnarvon Basin, Western Australia","Proceedings of the Royal Society of Victoria",,105,2,187,202,"journal article","stated without evidence",English,,,,,"2006-09-29 07:09:32","2006-09-30 00:09:46"
"M. Clapham","M. Clapham",,33427,"N. W.",Archbold,"S. K.",Skwarko,,1988,"Brachiopods and bivalves of Kungurian (late Early Permian) age from the top of the Coolkilya Sandstone, Carnarvon Basin, Western Australia","Report - Geological Survey of Western Australia",,23,,1,15,"serial monograph","stated with evidence",English,,,,,"2010-08-28 08:56:54","2010-08-29 01:56:54"
"M. Clapham","M. Clapham",,29683,"N. W.",Archbold,"R. H.",Swart,"J. M. Dickins",1996,"Permian fossil marine invertebrates from the Northern Territory described by Robert Etheridge Junior","Proceedings of the Royal Society of Victoria",,108,2,63,71,"journal article","stated with evidence",English,,,,,"2009-04-10 21:44:54","2009-04-11 14:44:54"
"M. Clapham","M. Clapham",,27556,"N. W.",Archbold,"G. A.",Thomas,,1984,"Permian Elythidae (Brachiopoda) from Western Australia",Alcheringa,,8,,311,326,"journal article","stated without evidence",English,,,,,"2008-07-04 20:51:46","2008-07-05 13:51:46"
"M. Aberhan","S. Nurnberg","S. Nurnberg",10520,"N. W.",Archbold,"G. A.",Thomas,,1985,"Permian Spiriferellinae (Brachiopoda) from Western Australia",Alcheringa,,9,1,35,48,"journal article","stated without evidence",,,,1%,,"2004-05-16 05:38:45","2004-05-16 22:38:46"
"M. Clapham","M. Clapham",,27430,"N. W.",Archbold,"G. A.",Thomas,,1985,"New genera of Western Australian Permian Spiriferidae (Brachiopoda)",Alcheringa,,9,,269,292,"journal article","stated without evidence",English,,,,,"2008-06-22 19:29:33","2008-06-23 12:29:33"
"M. Clapham","M. Clapham",,27308,"N. W.",Archbold,"G. A.",Thomas,,1986,"Neospirifer and Trigonotreta (Spiriferida, Brachiopoda) from the Permian of Western Australia",Alcheringa,,10,,125,161,"journal article","stated without evidence",English,,,,,"2008-06-05 15:24:26","2008-06-06 08:24:26"
"M. Clapham","M. Clapham",,27933,"N. W.",Archbold,"G. A.",Thomas,,1986,"Permian Ingelarellidae (Brachiopoda) from Western Australia and Argentina","Journal of Paleontology",,60,3,581,605,"journal article","stated without evidence",English,,,,,"2008-08-10 12:56:24","2008-08-11 05:56:24"
"M. Clapham","M. Clapham",,27672,"N. W.",Archbold,"G. A.",Thomas,,1987,"Fusispirifer (Spiriferidae, Brachiopoda) from the Permian of Australia and Afghanistan",Alcheringa,,11,,175,203,"journal article","stated without evidence",English,,,,,"2008-07-21 20:17:33","2008-07-22 13:17:33"
"M. Clapham","M. Clapham","M. Clapham",27931,"N. W.",Archbold,"G. A.",Thomas,,1993,"Imperiospira, a new Western Australian Permian Spiriferidae (Brachiopoda)","Memoirs of the Association of Australasian Palaeontologists",,15,,313,328,"journal article","stated without evidence",English,,,,,"2008-08-10 12:30:22","2013-04-03 09:54:36"
"M. Clapham","M. Clapham",,28046,J.,Armstrong,,,,1968,"The unusual brachial skeleton of Attenuatella convexa sp. nov. (Brachiopoda)",Palaeontology,,11,5,783,792,"journal article","stated with evidence",English,,,,,"2008-08-24 12:05:24","2008-08-25 05:05:24"
"M. Clapham","M. Clapham","M. Clapham",28382,J.,Armstrong,,,,1968,"The martiniacean species occurring at Glendon, New South Wales, the type locality of Notospirifer darwini (Morris)","Journal and Proceedings of the Royal Society of New South Wales",,101,,197,205,"journal article","stated with evidence",English,,,,,"2008-11-01 17:03:40","2013-04-03 09:41:51"
"M. Clapham","M. Clapham",,27373,J.,Armstrong,,,,1970,"Queensland Permian species of the spiriferid brachiopods Punctospirifer and Cleiothyridina","Memoirs of the Queensland Museum",,15,,315,321,"journal article","stated without evidence",English,,,,,"2008-06-10 13:55:07","2008-06-11 06:55:07"
"M. Clapham","M. Clapham","M. Clapham",27376,J.,Armstrong,,,,1970,"Syringothyrid brachiopods from the Permian of eastern Australia","Neues Jahrbuch für Geologie und Paläontologie, Abhandlungen",,136,2,135,165,"journal article","stated without evidence",English,,,,,"2008-06-10 15:13:07","2013-04-03 11:29:00"
"M. Clapham","M. Clapham",,34599,J.,Armstrong,,,,1970,"Micro-ornaments of the spiriferid brachiopods Notospirifer, Ingelarella, and Subansiria",Lethaia,,3,,287,300,"journal article","stated without evidence",English,,,,,"2010-12-24 09:22:01","2010-12-24 09:22:01"
"M. Clapham","M. Clapham",,33432,J.,Armstrong,,,,1972,"Occurrences of the spiriferid brachiopod Martinia in the eastern Australian Permian","Proceedings of the Royal Society of Queensland",,83,,35,40,"journal article","stated with evidence",English,,,,,"2010-08-28 09:01:02","2010-08-29 02:01:02"
"M. Clapham","M. Clapham",,30069,"J. D.",Armstrong,"J. F.",Dear,"B. Runnegar",1967,"Permian ammonoids from eastern Australia","Journal of the Geological Society of Australia",,14,,87,97,"journal article","stated with evidence",English,,,,,"2009-06-11 16:48:30","2009-06-12 09:48:30"
"M. Clapham","M. Clapham",,33431,J.,Armstrong,P.,Telford,,1970,"Species of Attenuatella Stehli (Brachiopoda) from New South Wales","Proceedings of the Linnean Society of New South Wales",,94,2,113,118,"journal article","stated with evidence",English,,,,,"2010-08-28 09:00:20","2010-08-29 02:00:20"
"M. Clapham","M. Clapham",,38526,"M. R.",Banks,,,,1971,"A Darwin manuscript on Hobart town","Papers and Proceedings of the Royal Society of Tasmania",,105,,5,19,"journal article","none discussed",English,,,,,"2011-11-16 06:34:38","2011-11-16 06:34:38"
"M. Clapham","M. Clapham",,42450,"R. W.",Bretnall,,,,1926,"Descriptions of some Western Australian fossil Polyzoa","Bulletin of Western Australia Geological Survey",,88,,7,33,"journal article","stated with evidence",English,,,,,"2012-07-26 05:47:52","2012-07-26 05:47:52"
"M. Clapham","M. Clapham","M. Clapham",27370,"D. J. C.",Briggs,,,,1998,"Permian Productidina and Strophalosiidina from the Sydney-Bowen Basin and New England Orogen: systematics and biostratigraphic significance","Memoirs of the Association of Australasian Palaeontologists",,19,,1,258,"serial monograph","stated with evidence",English,,,,,"2008-06-10 11:22:43","2013-04-03 09:54:48"
"P. Wagner","P. Wagner",,15787,K.S.W.,Campbell,,,,1953,"The fauna of the Permo-Carboniferous Ingelara beds of Queensland","University of Queensland Papers, Dept. of Geology",,4,3,3,43,"journal article","stated without evidence",English,,,,,"2006-01-25 10:44:18","2006-01-26 05:44:18"
"J. Alroy","M. Sommers","J. Alroy",345,"K. S. W.",Campbell,,,,1957,"A lower Carboniferous brachiopod-coral fauna from New South Wales","Journal of Paleontology",,31,1,34,98,"journal article","stated with evidence",English,,,,,"1999-11-04 15:18:33","2008-06-04 13:38:20"
"M. Clapham","M. Clapham",,27374,K.S.W.,Campbell,,,,1960,"The brachiopod genera Ingelarella and Notospirifer in the Permian of Queensland","Journal of Paleontology",,34,6,1106,1123,"journal article","stated without evidence",English,,,,,"2008-06-10 14:32:46","2008-06-11 07:32:46"
"M. Clapham","M. Clapham",,27372,K.S.W.,Campbell,,,,1961,"New species of the Permian spiriferoides Ingelarella and Notospirifer from Queensland and their stratigraphic implications","Palaeontographica Abteilung A",,117,5-6,159,192,"journal article","stated without evidence",English,,,,,"2008-06-10 12:55:33","2008-06-11 05:55:33"
"P. Wagner","P. Wagner",,17128,K.S.W.,Campbell,,,,1962,"Marine fossils from the Carboniferous glacial rocks of New South Wales","Journal of Paleontology",,36,1,38,52,"journal article","stated without evidence",English,,,,,"2006-04-11 19:06:38","2006-04-12 12:06:45"
"T. Olszewski","L. Fall","M. Clapham",14254,"K. S. W.",Campbell,,,,1965,"Australian Permian terebratuloids","Bureau of Mineral Resources Geology and Geophysics Bulletin",,68,,3,146,"serial monograph","stated with evidence",English,,,,,"2005-08-25 13:36:51","2011-02-16 13:49:45"
"W. Kiessling","U. Merkel",,34437,"J. D.",Campbell,,,,1994,"Late Triassic brachiopods from a dredge haul on the slope below Rowley Terrace, northwest Australia","AGSO Journal of Australian Geology and Geophysics",,15,1,135,136,"journal article","stated without evidence",English,,,,,"2010-12-07 20:34:40","2010-12-07 20:34:40"
"P. Wagner","P. Wagner","J. Alroy",11583,"K. S. W.",Campbell,"B. A.",Engel,,1963,"The faunas of the Tournaisian Tulcumba Sandstone and its members in the Werrie and Belvue synclines, New South Wales","Journal of the Geological Society of Australia",,10,1,55,122,"journal article","stated without evidence",English,,,,,"2004-09-01 21:12:10","2011-03-13 10:43:55"
"M. Clapham","M. Clapham","M. Clapham",27487,"M. E.",Clapham,,,,2011,"Personal Permo-Triassic Opinions",,,,,,,unpublished,"stated with evidence",English,,,,,"2008-06-28 16:24:02","2010-11-29 07:28:28"
"M. Clapham","M. Clapham",,35248,"M. J.",Clarke,,,,1969,"Tasmanian Strophalosiidae","Tasmania Department of Mines, Geological Survey Record",,10,,1,51,"serial monograph","stated with evidence",English,,,,,"2011-02-21 13:07:48","2011-02-21 13:07:48"
"M. Clapham","M. Clapham",,42006,"M. J.",Clarke,,,,1970,"A new Permian strophalosiid brachiopod genus from eastern Australia","Journal of Paleontology",,44,,986,987,"journal article","stated with evidence",English,,,,,"2012-06-15 03:57:20","2012-06-15 03:57:20"
"M. Clapham","M. Clapham",,33459,"M. J.",Clarke,,,,1971,"The fauna and age of Malbina A","Technical Reports - Tasmania Department of Mines",,14,,151,157,"serial monograph","stated with evidence",English,,,,,"2010-08-28 16:54:21","2010-08-29 09:54:21"
"M. Clapham","M. Clapham",,27849,"M. J.",Clarke,,,,1973,"Faunas from the Ferntree Group of south-eastern Tasmania","Technical Reports - Tasmania Department of Mines",,16,,50,65,"journal article","stated without evidence",English,,,,,"2008-08-02 12:38:30","2008-08-03 05:38:30"
"T. Olszewski","L. Fall","L. Fall",13659,"M. J.",Clarke,,,,1987,"Late Permian (late Lymingtonian = ?Kazanian) brachiopods from Tasmania",Alcheringa,,11,,261,289,"journal article","stated without evidence",,,,,,"2005-06-02 09:54:33","2005-06-03 02:54:33"
"M. Clapham","M. Clapham",,32513,"M. J.",Clarke,,,,1990,"Late Palaeozoic (Tamarian; Late Carboniferous-Early Permian) cold-water brachiopods from Tasmania",Alcheringa,,14,,53,76,"journal article","stated with evidence",English,,,,,"2010-04-24 13:08:35","2010-04-25 06:08:35"
"M. Clapham","M. Clapham",,28778,"M. J.",Clarke,,,,1992,"Hellyerian and Tamarian (Late Carboniferous-Lower Permian) invertebrate faunas from Tasmania","Tasmania Geological Survey Bulletin",,69,,1,54,"journal article","stated with evidence",English,,,,,"2008-12-12 22:11:16","2008-12-13 17:11:16"
"M. Clapham","M. Clapham",,43168,"M. J.",Clarke,,,,1992,"A new notospiriferine genus (Spiriferida: Brachiopoda) from the Permian of Tasmania","Papers and Proceedings of the Royal Society of Tasmania",,126,,73,76,"journal article","stated with evidence",English,,,,,"2012-10-01 10:23:38","2012-10-01 10:23:38"
"M. Clapham","M. Clapham","M. Clapham",30369,"J. M.",Crockford,,,,1941,"Permian Bryozoa of eastern Australia, part I: a description of some previously-named species of Fenestrellinidae (Fenestellidae)","Journal and Proceedings of the Royal Society of New South Wales",,74,,397,418,"journal article","stated with evidence",English,,,,,"2009-07-18 12:22:02","2013-04-03 09:41:59"
"M. Clapham","M. Clapham","M. Clapham",30371,"J. M.",Crockford,,,,1941,"Permian Bryozoa of eastern Australia, part II: new species from the Upper Marine Series of New South Wales","Journal and Proceedings of the Royal Society of New South Wales",,74,,502,519,"journal article","stated with evidence",English,,,,,"2009-07-18 14:18:59","2013-04-03 09:42:06"
"M. Clapham","M. Clapham","M. Clapham",32346,"J. M.",Crockford,,,,1943,"Permian Bryozoa of eastern Australia, part III: Batostomellidae and Fenestrellinidae from Queensland, New South Wales, and Tasmania","Journal and Proceedings of the Royal Society of New South Wales",,76,,258,267,"journal article","stated without evidence",English,,,,,"2010-03-30 18:21:18","2013-04-03 09:42:15"
"M. Clapham","M. Clapham",,42551,J.,Crockford,,,,1943,"Bryozoa from the Port Keats bore, Northern Territory","Proceedings of the Linnean Society of New South Wales",,68,,145,149,"journal article","stated with evidence",English,,,,,"2012-08-04 14:58:25","2012-08-04 14:58:25"
"M. Clapham","M. Clapham",,32427,J.,Crockford,,,,1944,"Bryozoa from the Wandagee and Nooncanbah series (Permian) of Western Australia","Journal of the Royal Society of Western Australia",,28,,165,185,"journal article","stated with evidence",English,,,,,"2010-04-11 15:13:44","2010-04-12 08:13:44"
"M. Clapham","M. Clapham",,32428,J.,Crockford,,,,1944,"Bryozoa from the Permian of Western Australia Part I: Cyclostomata and Cryptostomata from the north-west basin and Kimberley district","Proceedings of the Linnean Society of New South Wales",,69,,139,175,"journal article","stated with evidence",English,,,,,"2010-04-11 15:14:35","2010-04-12 08:14:35"
"M. Clapham","M. Clapham",,32369,J.,Crockford,,,,1945,"Stenoporids from the Permian of New South Wales and Tasmania","Proceedings of the Linnean Society of New South Wales",,70,,9,24,"journal article","stated without evidence",English,,,,,"2010-04-03 18:58:39","2010-04-04 11:58:39"
"W. Kiessling","U. Merkel",,19192,"A. M.",Cvancara,,,,1958,"Invertebrate fossils from the Lower Carboniferous of New South Wales","Journal of Paleontology",,32,5,846,888,"journal article","stated without evidence",English,,,,,"2006-11-15 06:15:30","2006-11-16 01:15:30"
"G. Webster","G. Webster","M. Clapham",20608,"J. D.",Dana,,,,1847,"Descriptions of fossil shells of the collections of the exploring expedition under the command of Charles Wilkes, USN, obtained in Australia, from the lower layers of the coal formation in Illawarra, and from a deposit probably of nearly the same age at Harper's Hill, Valley of the Hunter","American Journal of Science and Arts, Second Series",,4,,151,160,"journal article","stated without evidence",English,,,,,"2007-02-26 19:03:33","2012-09-08 15:36:45"
"M. Clapham","M. Clapham",,27730,"J. D.",Dana,,,,1849,"Appendix I. Descriptions of Fossils. 1. Fossils of New South Wales","United States Exploring Expedition During the Years 1838, 1839, 1840, 1842, 1842 Under the Command of Charles Wilkes, U.S.N. Atlas: Geology",,,,681,720,"book/book chapter","stated without evidence",English,,,,,"2008-07-25 14:30:10","2008-07-26 07:30:10"
"M. Clapham","M. Clapham",,38502,C.,Darwin,,,,1844,,"Geological Observations on the Volcanic Islands Visited during the Voyage of HMS Beagle",,,,1,175,"book/book chapter","none discussed",English,,,,,"2011-11-13 07:15:57","2011-11-13 07:15:57"
"M. Clapham","M. Clapham","M. Clapham",42462,T.,Davidson,,,,1859,"Palaeontological notes on the Brachiopoda No. 2. On the families Strophomenidae and Productidae","The Geologist",,2,,97,117,"journal article","stated with evidence",English,,,,,"2012-07-27 02:42:35","2012-07-27 02:53:55"
"M. Clapham","M. Clapham",,46562,"J. F.",Dear,,,,1966,"An ammonoid from the Permian of Queensland","Memoirs of the Queensland Museum",,14,,199,203,"journal article","stated with evidence",English,,,,,"2013-04-28 10:48:51","2013-04-28 10:48:51"
"M. Clapham","M. Clapham",,39464,"J. F.",Dear,,,,1971,"Strophomenoid brachiopods from the higher Permian faunas of the Back Creek Group in the Bowen Basin","Geological Survey of Queensland Publication",,347,,1,22,"serial monograph","stated with evidence",English,,,,,"2012-01-16 10:07:10","2012-01-16 10:07:10"
"M. Clapham","M. Clapham","M. Clapham",28048,"J. M.",Dickins,,,,1956,"Permian pelecypods from the Carnarvon Basin, Western Australia","Bureau of Mineral Resources, Geology and Geophysics Bulletin",,29,,1,42,"serial monograph","stated with evidence",English,,,,,"2008-08-24 12:28:34","2013-04-03 08:00:55"
"M. Clapham","M. Clapham","M. Clapham",27375,"J. M.",Dickins,,,,1957,"Lower Permian pelecypods and gastropods from the Carnarvon Basin, Western Australia","Bureau of Mineral Resources, Geology and Geophysics Bulletin",,41,,1,75,"serial monograph","stated without evidence",English,,,,,"2008-06-10 14:42:05","2013-04-03 07:54:58"
"M. Clapham","M. Clapham",,27926,"J. M.",Dickins,,,,1961,"Permian pelecypods newly recorded from eastern Australia",Palaeontology,,4,1,119,130,"journal article","stated without evidence",English,,,,,"2008-08-08 22:59:07","2008-08-09 15:59:07"
"P. Wagner","P. Wagner",,15626,"J. M.",Dickins,,,,1963,"Permian pelecypods and gastropods from western Australia","Bulletin of the Bureau of Mineral Resources, Geology and Geophysics",,63,,1,203,"serial monograph","stated without evidence",English,,,,,"2006-01-19 19:54:46","2006-01-20 14:54:46"
"M. Clapham","M. Clapham",,29742,"J. M.",Dickins,,,,1989,"Youngest Permian marine macrofossil fauna from the Bowen and Sydney basins, eastern Australia","BMR Journal of Australian Geology and Geophysics",,11,,63,79,"journal article","stated with evidence",English,,,,,"2009-04-17 17:11:34","2009-04-18 10:11:34"
"M. Clapham","M. Clapham",,32403,M.,Dixon,"D. W.",Haig,,2004,"Foraminifera and their habitats within a cool-water carbonate succession following glaciation, Early Permian (Sakmarian), Western Australia","Journal of Foraminiferal Research",,34,,308,324,"journal article","none discussed",English,,,,,"2010-04-07 17:44:48","2010-04-08 10:44:48"
"M. Clapham","M. Clapham",,33481,"B. A.",Engel,"J. R.",Laurie,,1978,"A new species of the Permian trilobita Doublatia from the Manning District, New South Wales",Alcheringa,,2,,49,54,"journal article","stated with evidence",English,,,,,"2010-08-28 19:50:29","2010-08-29 12:50:29"
"P. Wagner","P. Wagner","M. Clapham",26702,R.,Etheridge,,,,1872,"Description of the Palaeozoic and Mesozoic fossils of Queensland","Quarterly Journal of the Geological Society of London",,28,,317,360,"journal article","stated without evidence",English,,,,,"2008-03-13 12:32:05","2012-07-30 11:56:13"
"M. Clapham","M. Clapham","M. Clapham",39465,R.,"Etheridge Jr.",,,,1880,"On a collection of fossils from the Bowen River coalfield and the limestone of the Fanning River, north Queensland","Proceedings of the Royal Physical Society of Edinburgh",,5,,263,328,"journal article","stated without evidence",English,,,,,"2012-01-16 10:39:16","2012-08-03 15:49:52"
"M. Clapham","M. Clapham","M. Clapham",42464,R.,"Etheridge Jr.",,,,1889,"Remarks on fossils of Permo-Carboniferous age, from north-western Australia, in the Macleay Museum","Proceedings of the Linnean Society of New South Wales, Series 2",,4,,199,214,"journal article","stated with evidence",English,,,,,"2012-07-27 03:28:17","2012-08-03 15:51:02"
"M. Clapham","M. Clapham","M. Clapham",42529,R.,"Etheridge Jr.",,,,1894,"Palaeontologia novae cambriae meridionalis: occasional descriptions of New South Wales Fossils, No. 1","Records of the Geological Survey of New South Wales",,4,,32,37,"journal article","stated with evidence",English,,,,,"2012-08-02 07:57:09","2012-08-03 15:51:14"
"M. Clapham","M. Clapham",,43251,R.,"Etheridge Jr.",,,,1898,"Palaeontologia Novae Cambriae Meridionalis - occasional descriptions of New South Wales fossils, no. 3","Records of the Geological Survey of New South Wales",,5,4,175,179,"journal article","stated without evidence",English,,,,,"2012-10-10 09:11:52","2012-10-10 09:11:52"
"M. Clapham","M. Clapham","M. Clapham",42532,R.,"Etheridge Jr.",,,,1902,"Palaentologia novae cambriae meridionalis - occasional descriptions of New South Wales fossils, no. 4","Records of the Geological Survey of New South Wales",,7,,66,69,"journal article","stated with evidence",English,,,,,"2012-08-02 15:07:44","2012-08-03 15:51:41"
"M. Clapham","M. Clapham","M. Clapham",42467,R.,"Etheridge Jr.",,,,1903,"Descriptions of Carboniferous fossils from the Gascoyne District, Western Australia, collected by Mr. A. Gibb Maitland, government geologist","Western Australia Geological Survey Bulletin",,10,,1,31,"journal article","stated with evidence",English,,,,,"2012-07-27 05:10:41","2012-08-03 15:52:17"
"M. Clapham","M. Clapham","M. Clapham",42520,R.,"Etheridge Jr.",,,,1907,"Fossils from Mingenew, Irwin River Coalfield, Western Australia, collected by Mr. E. S. Simpson, mineralogist and assayer","Geological Survey of Western Australia Bulletin",,27,,19,25,"journal article","stated with evidence",English,,,,,"2012-08-01 10:36:36","2012-08-03 15:52:27"
"M. Clapham","M. Clapham","M. Clapham",42521,R.,"Etheridge Jr.",,,,1907,"Descriptions of Carboniferous fossils from the Irwin River, collected by Mr. C. F. V. Jackson, late Assistant Government Geologist","Geological Survey of Western Australia Bulletin",,27,,26,37,"journal article","stated with evidence",English,,,,,"2012-08-01 10:48:23","2012-08-03 15:52:38"
"M. Clapham","M. Clapham",,42548,R.,"Etheridge Jr.",,,,1907,"Official contributions to the palaeontology of South Australia, No. 17 - Permo-Carboniferous fossils of Cape Ford, Anson Bay, and Cape Dombey, Hyland Bay","South Australian Parliamentary Paper",,55,Suppl,5,6,"journal article","stated with evidence",English,,,,,"2012-08-04 11:44:54","2012-08-04 11:44:54"
"M. Clapham","M. Clapham",,42549,R.,"Etheridge Jr.",,,,1907,"Official contributions to the palaeontology of South Australia, No. 18 - Carboniferous fossils from Fossil Head, Treachery Bay, Victoria River estuary","South Australian Parliamentary Paper",,55,Suppl,6,11,"journal article","stated with evidence",English,,,,,"2012-08-04 12:05:34","2012-08-04 12:05:34"
"M. Clapham","M. Clapham",,42550,R.,"Etheridge Jr.",,,,1907,"Official contributions to the palaeontology of South Australia, No. 19 - Fossils of the Port Keats bore, thirty miles north of Fossil Head, Treachery Bay","South Australian Parliamentary Paper",,55,Suppl,11,15,"journal article","stated with evidence",English,,,,,"2012-08-04 14:12:18","2012-08-04 14:12:18"
"M. Clapham","M. Clapham","M. Clapham",42489,R.,"Etheridge Jr.",,,,1915,"Western Australian Carboniferous fossils, chiefly from Mount Marmion, Lennard River, West Kimberley","Western Australia Geological Survey Bulletin",,58,,7,59,"journal article","stated with evidence",English,,,,,"2012-07-30 13:01:05","2012-08-04 09:16:06"
"M. Clapham","M. Clapham","M. Clapham",42916,R.,"Etheridge Jr.",,,,1919,"Palaeontologia Novae Cambriae Meridionalis - occasional descriptions of New South Wales fossils - No. 7","Records of the Australian Museum",,12,9,183,192,"journal article","stated with evidence",English,,,,,"2012-09-09 05:59:09","2012-09-09 06:00:25"
"M. Clapham","M. Clapham",,42594,R.,"Etheridge Jr.","W. S.",Dun,,1909,"Notes on the Permo-Carboniferous Producti of eastern Australia, with synonymy","Records of the Geological Survey of New South Wales",,8,,293,304,"journal article","stated without evidence",English,,,,,"2012-08-13 10:28:41","2012-08-13 10:28:41"
"M. Clapham","M. Clapham",,46877,R.,"Etheridge Jr.","W. S.",Dun,,1910,"A monograph of the Carboniferous and Permo-Carboniferous invertebrata of New South Wales. Vol II - Pelecyopoda. Part II - Eurydesma","Memoirs of the Geological Survey of New South Wales, Palaeontology",,5,,41,75,"journal article","stated with evidence",English,,,,,"2013-05-19 05:41:04","2013-05-19 05:41:04"
"M. Clapham","M. Clapham",,42527,"H. O.",Fletcher,,,,1938,"A revision of the Australian Conulariae","Records of the Australian Museum",,20,,235,255,"journal article","stated with evidence",English,,,,,"2012-08-02 07:22:58","2012-08-02 07:22:58"
"P. Wagner","P. Wagner",,15909,H.O.,Fletcher,,,,1943,"The genus Conocardium from Australian Palaeozoic rocks","Records of the Australian Museum",,21,4,231,243,"journal article","stated without evidence",English,,,,,"2006-01-25 10:44:26","2006-01-26 05:44:26"
"M. Clapham","M. Clapham",,35945,"H. O.",Fletcher,,,,1945,"A new Aulosteges from the Lower Permian of Queensland","Records of the Australian Museum",,21,6,313,316,"journal article","stated with evidence",English,,,,,"2011-04-29 13:55:04","2011-04-29 13:55:04"
"M. Clapham","M. Clapham","M. Clapham",27330,"H. O.",Fletcher,,,,1946,"New Lamellibranchia from the upper Permian of Western Australia","Records of the Australian Museum",,21,,395,405,"journal article","stated with evidence",English,,,,,"2008-06-07 10:00:17","2008-08-25 06:11:33"
"P. Wagner","P. Wagner",,26631,H.O.,Fletcher,,,,1958,"The Permian gastropods of New South Wales","Records of the Australian Museum",,24,10,115,164,"journal article","stated without evidence",English,,,,,"2008-03-06 18:46:33","2008-03-07 13:46:33"
"G. Webster","G. Webster","M. Clapham",20849,"A. H.",Foord,,,,1890,"Notes on the palaeontology of Western Australia","Geological Magazine, New Series, Decade III",,7,,98,106,"journal article","stated without evidence",English,,,,,"2007-02-26 19:03:53","2012-07-27 01:11:47"
"M. Clapham","M. Clapham","M. Clapham",42461,"A. H.",Foord,,,,1890,"Notes on the palaeontology of Western Australia, continued","Geological Magazine, New Series, Decade III",,7,,145,155,"journal article","stated with evidence",English,,,,,"2012-07-27 01:10:49","2013-04-03 09:18:15"
"M. Clapham","M. Clapham",,29623,"C. B.",Foster,"J. B.",Waterhouse,,1988,"The Granulatisporites confluens Oppel-zone and Early Permian marine faunas from the Grant Formation on the Barbwire Terrace, Canning Basin, Western Australia","Australian Journal of Earth Sciences",,35,,135,157,"journal article","stated without evidence",English,,,,,"2009-04-03 22:51:39","2009-04-04 16:51:39"
"M. Clapham","M. Clapham",,42519,L.,Glauert,,,,1912,"Permo-Carboniferous fossils from Byro Station, Murchison District","Records of the Western Australian Museum",,1,,75,77,"journal article","stated with evidence",English,,,,,"2012-08-01 09:40:18","2012-08-01 09:40:18"
"M. Clapham","M. Clapham",,33509,"B. F.",Glenister,C.,Baker,"W. M. Furnish, G. A. Thomas",1990,"Additional Early Permian ammonoid cephalopods from Western Australia","Journal of Paleontology",,64,,392,399,"journal article","stated with evidence",English,,,,,"2010-08-28 20:43:50","2010-08-29 13:43:50"
"M. Clapham","M. Clapham",,27840,"B. F.",Glenister,"W. M.",Furnish,,1961,"The Permian ammonoids of Australia","Journal of Paleontology",,35,4,673,736,"journal article","stated without evidence",English,,,,,"2008-08-01 18:46:04","2008-08-02 11:46:04"
"M. Clapham","M. Clapham",,28547,"B. F.",Glenister,"D. L.","Windle Jr.","W. M. Furnish",1973,"Australasian Metalegoceratidae (Lower Permian ammonoids)","Journal of Paleontology",,47,6,1031,1043,"journal article","stated with evidence",English,,,,,"2008-11-21 12:11:50","2008-11-22 07:11:50"
"M. Clapham","M. Clapham",,46820,D.,Hill,,,,1942,"Further Permian corals from Western Australia","Journal of the Royal Society of Western Australia",,27,,57,72,"journal article","stated with evidence",English,,,,,"2013-05-15 04:17:06","2013-05-15 04:17:06"
"M. Clapham","M. Clapham",,42455,"G. J.",Hinde,,,,1890,"Notes on the palaeontology of Western Australia 2. Corals and Polyzoa","Geological Magazine, New Series, Decade III",,7,,194,204,"journal article","stated with evidence",English,,,,,"2012-07-26 08:38:20","2012-07-26 08:38:20"
"M. Clapham","M. Clapham",,33543,T.,Hogeboom,"N. W.",Archbold,,1999,"Additional specimens of Early Permian brachiopods from the Callytharra Formation, Carnarvon Basin, Western Australia: new morphological data","Proceedings of the Royal Society of Victoria",,111,,255,269,"journal article","stated with evidence",English,,,,,"2010-08-29 15:42:57","2010-08-30 08:42:57"
"M. Clapham","M. Clapham",,38496,"W. H.",Hudleston,,,,1883,"Notes on a collection of fossils and of rock-specimens from west Australia, north of the Gascoyne River","Quarterly Journal of the Geological Society",,39,,582,595,"journal article","stated without evidence",English,,,,,"2011-11-12 16:53:24","2011-11-12 16:53:24"
"M. Clapham","M. Clapham",,30058,"E. G.",Kauffman,B.,Runnegar,,1975,"Atomodesma (Bivalvia), and Permian species of the United States","Journal of Paleontology",,49,1,23,41,"journal article","stated with evidence",English,,,,,"2009-06-07 08:23:53","2009-06-08 01:23:53"
"M. Clapham","M. Clapham","M. Clapham",41707,"W. Z.",Li,"G. R.",Shi,"Y. Ariunchimeg, W. H. He, S. Z. Shen",2012,"Cancrinella and Costatumulus (Brachiopoda) from the Permian of South Mongolia and South China: their morphology, biostratigraphy and distribution",Geobios,,45,,297,309,"journal article","stated with evidence",English,,,,,"2012-05-22 07:53:39","2012-07-03 10:17:06"
"G. Webster","G. Webster","M. Clapham",21658,F.,"M'Coy",,,,1847,"XXI. On the fossil botany and zoology of the rocks associated with the coal of Australia","Annals and Magazine of Natural History",,20,133,226,236,"journal article","stated without evidence",English,,"pl. 9-17. ",,,"2007-02-26 19:05:05","2011-11-13 14:35:04"
"M. Clapham","M. Clapham","M. Clapham",38505,F.,"M'Coy",,,,1847,"XXVIII. On the fossil botany and zoology of the rocks associated with the coal of Australia","The Annals and Magazine of Natural History",,20,134,298,312,"journal article","stated without evidence",English,,"November, 1847",,,"2011-11-13 14:37:10","2013-04-03 06:22:04"
"M. Clapham","M. Clapham",,28777,"J. M.",Malinky,,,,2009,"Permian Hyolithida from Australia: the last of the hyoliths?","Journal of Paleontology",,83,1,147,152,"journal article","stated with evidence",English,,,,,"2008-12-12 21:22:18","2008-12-13 16:22:18"
"P. Wagner","P. Wagner",,26717,W.G.H.,Maxwell,,,,1954,"Strophalosia in the Permian of Queensland","Journal of Paleontology",,28,5,535,559,"journal article","stated without evidence",English,,,,,"2008-03-14 11:03:44","2008-03-15 05:03:44"
"P. Wagner","P. Wagner","M. Clapham",26800,"W. G. H.",Maxwell,,,,1964,"The geology of the Yarrol Region. Part 1. Biostratigraphy","Papers - Department of Geology, University of Queensland",,5,9,1,60,"serial monograph","stated with evidence",English,,,,,"2008-03-19 13:05:26","2013-05-26 07:09:58"
"M. Clapham","M. Clapham",,34807,B.,McCarthy,B.,Runnegar,"J. D. Kleeman",1974,"Late Carboniferous-Early Permian sequence north of Drake, NSW: dates, deposition, and deformation of Beenleigh block","Queensland Government Mining Journal",,75,,325,329,"journal article","stated without evidence",English,,,,,"2011-01-19 17:01:13","2011-01-19 17:01:13"
"M. Clapham","M. Clapham",,34897,G.,McClung,,,,1977,"Appendix: Invertebrate fossils from GSQ Taroon 11-11A","Queensland Government Mining Journal",,78,914,629,,"journal article","stated without evidence",English,,,,,"2011-01-27 13:51:14","2011-01-27 13:51:14"
"M. Clapham","M. Clapham","M. Clapham",34898,G.,McClung,,,,1977,"Permian marine invertebrate macrofossils - GSQ Taroom 10","Queensland Government Mining Journal",,78,913,574,578,"journal article","stated without evidence",English,,,,,"2011-01-27 16:30:19","2011-01-27 16:54:04"
"M. Clapham","M. Clapham",,36711,G.,McClung,,,,1978,"Morphology, palaeocology and biostratigraphy of Ingelarella (Brachiopoda : Spiriferida) in the Bowen and Sydney Basins of Eastern Australia","Geological Survey of Queensland Publication",,365,,17,87,"journal article","stated with evidence",English,,,,,"2011-07-18 13:55:41","2011-07-18 13:55:41"
"M. Clapham","M. Clapham",,34854,"G. R.",McClung,,,,1983,"Faunal sequence and palaeoecology of the marine Permian in GSQ Eddystone 1, Denison Trough, Queensland","Geological Survey of Queensland Publication",,384,,43,80,"serial monograph","stated with evidence",English,,,,,"2011-01-22 13:38:11","2011-01-22 13:38:11"
"M. Clapham","M. Clapham",,33598,G.,McClung,J.,Armstrong,,1975,"New species of Martiniopsis (Brachiopoda: Spiriferida) from the Permian of eastern Australia","Queensland Government Mining Journal",,76,,231,234,"journal article","stated with evidence",English,,,,,"2010-08-29 18:29:52","2010-08-30 11:29:52"
"M. Clapham","M. Clapham",,27930,G.,McClung,J.,Armstrong,,1978,"Species of Glendonia gen. nov. (Ingelarellinae: Spiriferida) in the Permian of eastern Australia","Geological Survey of Queensland Publication",,365,,1,5,"journal article","stated without evidence",English,,,,,"2008-08-10 10:01:27","2008-08-11 03:01:27"
"A. McGowan","A. McGowan","A. McGowan",12967,"R. A.",McTavish,"J. M.",Dickins,,1974,"The age of the Kockatea Shale (Lower Triassic), Perth Basin-a reassessment","Journal of the Geological Society of Australia",,21,,95,211,"journal article","stated without evidence",,,,,,"2005-03-24 05:23:48","2005-03-25 00:23:48"
"M. Clapham","M. Clapham","M. Clapham",27325,"A. K.",Miller,"W. M.",Furnish,,1940,"Permian ammonoids of the Guadalupe Mountain region and adjacent area","Geological Society of America Special Paper",,26,,1,242,"serial monograph","stated without evidence",English,,,,,"2008-06-07 08:55:05","2012-07-21 16:05:11"
"M. Clapham","M. Clapham",,28682,"I. P.",Morozova,,,,2004,"New Early Permian bryozoans of eastern Australia","Paleontological Journal",,38,4,381,392,"journal article","stated with evidence",English,,,,,"2008-12-06 13:59:43","2008-12-07 08:59:43"
"M. Clapham","M. Clapham","M. Clapham",27516,"N. J.",Morris,"J. M.",Dickins,"K. Astafieva-Urbaitis",1991,"Upper Palaeozoic Anomalodesmatan Bivalvia","Bulletin of the British Museum of Natural History (Geology)",,47,1,51,100,"journal article","stated without evidence",English,,,,,"2008-06-30 11:16:31","2013-04-03 08:30:48"
"M. Clapham","M. Clapham","M. Clapham",27341,"V. A.",Muromtseva,"V. A.",Guskov,,1984,,"Permskie Morskie Otlozheniya I Dvustvorchatie Mollyuski Sovetskoi Arktiki",,,,1,154,"book/book chapter","stated with evidence",Russian,,,,,"2008-06-07 13:15:29","2013-04-07 06:18:01"
"M. Clapham","M. Clapham",,42463,"R. B.",Newton,,,,1892,"On the occurrence of Chonetes pratti, Davidson, in the Carboniferous rocks of Western Australia","Geological Magazine, New Series, Decade III",,9,,542,544,"journal article","stated with evidence",English,,,,,"2012-07-27 02:54:47","2012-07-27 02:54:47"
"M. Clapham","M. Clapham","M. Clapham",34808,"S. M.",Parfrey,,,,1984,"Permian marine invertebrate macrofossils - GSQ Mundubbera 11","Records of the Geological Survey of Queensland",,1984,34,1,13,"serial monograph","none discussed",English,,,,,"2011-01-19 17:48:18","2011-09-06 08:13:24"
"M. Clapham","M. Clapham","M. Clapham",37461,"S. M.",Parfrey,,,,1984,"Permian fossils from the Gayndah 1 100,000 sheet area","Records of the Geological Survey of Queensland",,1984,18,1,2,"serial monograph","none discussed",English,,,,,"2011-09-06 07:45:12","2011-09-06 08:13:08"
"M. Clapham","M. Clapham","M. Clapham",34894,"S. M.",Parfrey,,,,1985,"Reports on Permian faunas","Records of the Geological Survey of Queensland",,1985,17,1,12,"serial monograph","none discussed",English,,,,,"2011-01-26 15:26:37","2011-09-06 08:13:39"
"M. Clapham","M. Clapham",,33644,"S. M.",Parfrey,,,,1986,"Early Permian invertebrates from the Camboon Andesite near Biloela, southeastern Bowen Basin","Geological Survey of Queensland Publication",,387,,57,67,"journal article","stated with evidence",English,,,,,"2010-08-29 19:33:46","2010-08-30 12:33:46"
"N. Heim","N. Heim",,15693,S.,Peou,,,,1979,"A new athyridacean brachiopod from the Carboniferous of Rawdon Vale, New South Wales",Alcheringa,,3,,189,195,"journal article","stated without evidence",English,,"The systematic description in this paper is limited to a single new species, however complete faunal lists (for brachiopods) is included for two sections.",,,"2006-01-23 14:07:50","2006-01-24 09:07:59"
"J. Alroy","M. Sommers","J. Alroy",562,S.,Peou,"B. A.",Engel,,1979,"A Carboniferous fauna from Rawdon Vale, New South Wales",Alcheringa,,3,,141,157,"journal article","not entered",English,,,,,"2000-06-29 11:49:48","2009-11-23 10:10:57"
"M. Clapham","M. Clapham",,28681,"J. R. P.","Phillips Ross",,,,1963,"Lower Permian Bryozoa from Western Australia",Palaeontology,,6,1,70,82,"journal article","stated with evidence",English,,,,,"2008-12-06 13:48:30","2008-12-07 08:48:30"
"D. Bottjer","C. Powers",,18569,"C. M.",Reid,,,,2003,"Permian Bryozoa of Tasmania and New South Wales: systematics and their use in Tasmanian biostratigraphy","Association of Australasian Palaeontologists, Memoir",,28,,1,133,"serial monograph","stated with evidence",English,,,,,"2006-09-06 16:56:42","2006-09-07 09:56:42"
"N. Heim","N. Heim",,15598,J,Roberts,,,,1963,"A lower Carboniferous fauna from Lewinsbrook, New South Wales","Journal and Proceedings of the Royal Society of New South Wales",,97,,1,29,"journal article","stated without evidence",English,,"Page numbers do not include 6 plates",,,"2006-01-16 10:14:51","2006-01-17 05:14:51"
"N. Heim","N. Heim",,15599,J.,Roberts,,,,1964,"Lower Carboniferous Faunas from Wiragulla and Dungog, New South Wales","Journal and Proceedings of the Royal Society of New South Wales",,97,6A,193,215,"journal article","stated without evidence",English,,,,,"2006-01-16 12:00:02","2006-01-17 07:01:38"
"N. Heim","N. Heim",,18073,J.,Roberts,,,,1964,"Lower Carboniferous brachiopods from Greenhills, New South Wales","Journal of the Geological Soceity of Australia",,10,,173,194,"journal article","stated without evidence",English,,,,,"2006-07-24 16:24:11","2006-07-25 09:24:27"
"J. Alroy","M. Sommers","J. Alroy",336,J.,Roberts,,,,1965,"A Lower Carboniferous fauna from Trevallyn, New South Wales",Palaeontology,,8,1,54,81,"journal article","stated without evidence",,,,,,"1999-10-23 14:20:46","2009-11-23 10:09:18"
"N. Heim","N. Heim","N. Heim",12447,J.,Roberts,,,,1975,"Early Carboniferous brachiopod zones of eastern Australia","Journal of the Geological Society of Australia",,22,1,1,31,"journal article","stated without evidence",,,,,,"2005-01-24 07:07:51","2005-01-25 05:12:03"
"N. Heim","N. Heim",,15600,J.,Roberts,"J. W.",Hunt,"D. M. Thompson",1976,"Late Carboniferous marine invertebrate zones of eastern Australia",Alcheringa,,1,,197,225,"journal article","stated without evidence",English,,,,,"2006-01-16 14:05:17","2006-01-17 09:05:31"
"M. Clapham","M. Clapham",,37509,B.,Runnegar,,,,1965,"The bivalves Megadesmus Sowerby and Astartila Dana from the Permian of eastern Australia","Journal of the Geological Society of Australia",,12,2,227,252,"journal article","stated with evidence",English,,,,,"2011-09-07 15:24:32","2011-09-07 15:24:32"
"M. Clapham","M. Clapham",,42917,B.,Runnegar,,,,1967,"Desmodont bivalves from the Permian of eastern Australia","Bureau of Mineral Resources, Geology and Geophysics Bulletin",,96,,1,108,"serial monograph","stated with evidence",English,,,,,"2012-09-09 07:29:56","2012-09-09 07:29:56"
"M. Clapham","M. Clapham",,46867,B.,Runnegar,,,,1970,"Eurydesma and Glendella gen. nov. (Bivalvia) in the Permian of eastern Australia","Bureau of Mineral Resources, Geology and Geophysics Bulletin",,116,,83,118,"serial monograph","stated with evidence",English,,,,,"2013-05-18 08:24:09","2013-05-18 08:24:09"
"M. Clapham","M. Clapham",,38501,"G. B.",Sowerby,,,,1844,"Palaeozoic shells from Van Diemen's Land","Geological Observations on the Volcanic Islands Visited during the Voyage of HMS Beagle","C. Darwin",,,158,160,"book/book chapter","stated without evidence",English,,,,,"2011-11-13 06:29:50","2011-11-13 06:29:50"
"M. Clapham","M. Clapham",,27469,F.G.,Stehli,,,,1961,"New terebratuloid genera from Australia","Journal of Paleontology",,35,3,451,456,"journal article","stated without evidence",English,,,,,"2008-06-27 19:23:53","2008-06-28 12:23:53"
"P. Wagner","P. Wagner","M. Clapham",26633,"P. E.",Strzelecki,,,,1845,,"Physical descriptions of New South Wales and Van Dieman’s Land",,,,1,462,"book/book chapter","stated without evidence",English,,,,,"2008-03-06 18:50:37","2012-09-08 13:34:07"
"M. Clapham","M. Clapham",,27932,"R. H.",Swart,,,,1998,"Revision of Permian pleurotomarian gastropods from the Carnarvon and Bonaparte basins, Western Australia","Proceedings of the Royal Society of Victoria",,110,1/2,163,172,"journal article","stated without evidence",English,,,,,"2008-08-10 12:45:01","2008-08-11 05:45:01"
"M. Clapham","M. Clapham",,42744,C.,Teichert,,,,1953,"A new ammonoid from the eastern Australian Permian province","Journal and Proceedings of the Royal Society of New South Wales",,87,,46,50,"journal article","stated with evidence",English,,,,,"2012-08-26 06:18:16","2012-08-26 06:18:16"
"M. Clapham","M. Clapham",,42528,C.,Teichert,"H. O.",Fletcher,,1943,"A Permian ammonoid from New South Wales and the correlation of the Upper Marine Series","Records of the Australian Museum",,21,,156,163,"journal article","stated with evidence",English,,,,,"2012-08-02 07:46:53","2012-08-02 07:46:53"
"M. Clapham","M. Clapham","M. Clapham",41227,"G. A.",Thomas,,,,1957,"Oldhaminid brachiopods in the Permian of northern Australia","Journal of the Palaeontological Society of India",,2,,174,182,"journal article","stated with evidence",English,,,,,"2012-04-21 06:07:00","2012-04-21 06:18:09"
"M. Clapham","M. Clapham","M. Clapham",27553,"G. A.",Thomas,,,,1958,"The Permian Orthotetacea of Western Australia","Bureau of Mineral Resources, Geology and Geophysics Bulletin",,39,,1,158,"serial monograph","stated without evidence",English,,,,,"2008-07-04 20:21:57","2013-04-03 07:55:16"
"M. Clapham","M. Clapham","M. Clapham",27554,"G. A.",Thomas,,,,1971,"Carboniferous and Early Permian brachiopods from western and northern Australia","Bureau of Mineral Resources, Geology and Geophysics Bulletin",,56,,1,277,"serial monograph","stated without evidence",English,,,,,"2008-07-04 20:41:25","2013-04-03 07:55:24"
"P. Wagner","P. Wagner",,26676,"R. E.",Wass,,,,1967,"New species of Permian gastropods from Queensland","Proceedings of the Linnean Society of New South Wales",,92,11,67,73,"journal article","stated without evidence",English,,,,,"2008-03-11 10:01:28","2008-03-12 04:01:28"
"M. Clapham","M. Clapham",,30258,"R. E.",Wass,,,,1967,"Permian Polyzoa from the Port Keats District, Northern Territory","Proceedings of the Linnean Society of New South Wales",,92,2,162,170,"journal article","stated with evidence",English,,,,,"2009-07-11 18:58:31","2009-07-12 11:58:31"
"M. Clapham","M. Clapham","M. Clapham",30366,"R. E.",Wass,,,,1968,"Permian Polyzoa from the Bowen Basin","Bureau of Mineral Resources, Geology and Geophysics Bulletin",,90,,1,135,"journal article","stated with evidence",English,,,,,"2009-07-18 08:55:10","2013-04-03 08:01:13"
"M. Clapham","M. Clapham",,33739,"R. E.",Wass,"M. R.",Banks,,1971,"Some Permian trilobites from eastern Australia",Palaeontology,,14,,222,241,"journal article","stated with evidence",English,,,,,"2010-08-29 22:12:03","2010-08-30 15:12:03"
"M. Clapham","M. Clapham","M. Clapham",28047,"J. B.",Waterhouse,,,,1967,"A new species of Attenuatella (Brachiopoda) from Permian beds near Drake, New South Wales","Records of the Australian Museum",,27,,167,173,"journal article","stated with evidence",English,,,,,"2008-08-24 12:13:50","2013-04-03 12:08:44"
"D. Bottjer","M. Clapham","M. Clapham",11176,"J. B.",Waterhouse,,,,1968,"The classification and description of Permian Spiriferida (Brachiopoda) from New Zealand","Palaeontographica Abteilung A",,129,1-3,1,94,"journal article","stated without evidence",,,,,,"2004-07-20 13:02:02","2004-07-21 06:02:02"
"M. Clapham","M. Clapham",,27358,"J. B.",Waterhouse,,,,1968,"New species of Megousia Muir-Wood and Cooper and allied new genus from the Permian of Australia and North America","Journal of Paleontology",,42,5,1171,1185,"journal article","stated without evidence",English,,,,,"2008-06-09 17:33:34","2008-06-10 10:33:34"
"T. Olszewski","L. Fall","L. Fall",14013,"J. B.",Waterhouse,,,,1970,"Gondwanan occurrences of the upper Paleozoic brachiopod Stepanoviella","Journal of Paleontology",,44,1,37,50,"journal article","stated without evidence",English,,,,,"2005-07-27 12:41:42","2005-07-28 05:41:57"
"M. Clapham","M. Clapham",,28432,"J. B.",Waterhouse,,,,1970,"Permian brachiopod Retimarginifera n. gen. n. sp. from the Byro Group of Carnarvon Basin, Western Australia","Journal of the Royal Society of Western Australia",,53,4,120,128,"journal article","stated with evidence",English,,,,,"2008-11-09 18:06:48","2008-11-10 13:06:48"
"M. Clapham","M. Clapham","M. Clapham",33746,"J. B.",Waterhouse,,,,1979,"New members of the Atomodesminae (Bivalvia) from the Permian of Australia and New Zealand","Papers - Department of Geology, University of Queensland",,9,,1,22,"journal article","stated with evidence",English,,,,,"2010-08-29 22:16:31","2013-04-03 11:57:03"
"D. Bottjer","M. Clapham","M. Clapham",10837,"J. B.",Waterhouse,,,,1983,"Systematic description of Permian brachiopods, bivalves and gastropods below Wall Sandstone Member, northern Bowen Basin","Papers of the Department of Geology, University of Queensland",,10,3,155,179,"journal article","stated without evidence",,,,,,"2004-06-12 17:37:12","2004-06-13 10:37:12"
"M. Clapham","M. Clapham","M. Clapham",27819,"J. B.",Waterhouse,,,,1986,"New late Palaeozoic invertebrate taxa","Bulletin of the Indian Geologists' Association",,19,1,1,8,"journal article","stated with evidence",English,,,,,"2008-07-31 09:57:14","2010-04-16 10:46:24"
"P. Wagner","P. Wagner","P. Wagner",11597,"J. B.",Waterhouse,,,,1987,"Late Palaeozoic Mollusca and correlations from the south-east Bowen Basin, east Australia","Palaeontographica Abteilung A",,198,4-6,129,333,"serial monograph","stated without evidence",,,,,,"2004-09-03 11:11:47","2004-09-04 04:11:47"
"M. Clapham","M. Clapham",,27368,"J. B.",Waterhouse,,,,1987,"Late Palaeozoic Brachiopoda (Athyrida, Spiriferida and Terebratulida) from the southeast Bowen Basin, east Australia","Palaeontographica Abteilung A",,196,1-3,1,56,"journal article","stated without evidence",English,,,,,"2008-06-10 10:43:57","2008-06-11 03:43:57"
"M. Clapham","M. Clapham","M. Clapham",33926,"J. B.",Waterhouse,,,,1988,"Revision of the bivalved mollusca described by James Dwight Dana 1847-1849 from the Permian of eastern Australia","Papers - Department of Geology, University of Queensland",,12,2,165,228,"journal article","stated with evidence",English,,,,,"2010-09-20 20:26:28","2013-04-03 11:57:10"
"M. Clapham","M. Clapham","M. Clapham",35121,"J. B.",Waterhouse,"D. J. C.",Briggs,"S. M. Parfrey",1983,"Major faunal assemblages in the Early Permian Tiverton Formation near Homevale Homestead, northern Bowen Basin, Queensland","Permian Geology of Queensland",,,,121,138,"book/book chapter","stated with evidence",English,,,,,"2011-02-12 05:26:11","2011-02-12 05:49:27"
"M. Clapham","M. Clapham",,27351,"J. B.",Waterhouse,D.J.C.,Briggs,,1986,"Late Palaeozoic Scyphozoa and Brachiopoda (Inarticulata, Strophomenida, Productida and Rhynchonellida) from the southeast Bowen Basin, Australia","Palaeontographica Abteilung A",,193,1-4,1,76,"journal article","stated without evidence",English,,,,,"2008-06-09 15:05:29","2008-06-10 08:05:29"
"M. Clapham","M. Clapham",,35115,"J. B.",Waterhouse,"J. S.",Jell,,1983,"The sequence of Permian rocks and faunas near Exmoor Homestead south of Collinsville, north Bowen Basin","Permian Geology of Queensland",,,,231,267,"book/book chapter","stated with evidence",English,,,,,"2011-02-11 12:25:19","2011-02-11 12:25:19"
"M. Foote","M. Foote","M. Foote",10845,"G. E.",Webb,,,,1990,"Lower Carboniferous coral fauna of the Rockhampton Group, east-central Queensland","Memoir of the Association of Australasian Palaeontologists [J.A. Jell, ed. Devonian and Carboniferous coral studies]",,10,,1,167,"journal article","stated without evidence",,,,,,"2004-06-14 09:01:51","2004-06-15 02:01:51"
"G. Webster","G. Webster",,22996,"G. D.",Webster,,,,1987,"Permian crinoids from the type-section of the Callytharra Formation, Callytharra Springs, Western Australia",Alcheringa,,11,,95,135,"journal article","stated with evidence",English,,,,,"2007-02-26 19:07:06","2007-02-27 14:07:06"
"G. Webster","G. Webster",,22998,"G. D.",Webster,,,,1990,"New Permian crinoids from Australia",Palaeontology,,33,,49,73,"journal article","stated with evidence",English,,"3 pl.",,,"2007-02-26 19:07:06","2007-02-27 14:07:06"
"G. Webster","G. Webster",,23013,"G. D.",Webster,P.A.,Jell,,1992,"Permian echinoderms from Western Australia","Memoirs of the Queensland Museum",,32,1,311,373,"journal article","stated with evidence",English,,,,,"2007-02-26 19:07:07","2007-02-27 14:07:07"
"G. Webster","G. Webster",,23108,"R. J.",Willink,,,,1978,"Catillocrinids from the Permian of eastern Australia",Alcheringa,,2,,83,102,"journal article","stated without evidence",English,,,,,"2007-02-26 19:07:16","2007-02-27 14:07:16"
"G. Webster","G. Webster",,23109,"R. J.",Willink,,,,1979,"Some conservative and some highly-evolved Permian crinoids from eastern Australia",Alcheringa,,3,,117,134,"journal article","stated without evidence",English,,,,,"2007-02-26 19:07:16","2007-02-27 14:07:16"
"G. Webster","G. Webster","M. Clapham",23110,"R. J.",Willink,,,,1979,"The crinoid genera Tribrachyocrinus McCoy, Calceolispongia Etheridge, Jimbacrinus Teichert and Meganotocrinus n. gen. in the Permian of eastern Australia","Palaeontographica Abt. A",,165,3-6,137,194,"journal article","stated without evidence",English,,,,,"2007-02-26 19:07:16","2008-08-10 10:56:55"
"F. Fursich","F. Fursich","F. Fursich",10060,"R. J.",Willink,,,,1980,"Two new camerate crinoid species from the Permian of eastern Australia",Alcheringa,,4,3-4,227,232,"journal article","stated without evidence",,,,1%,,"2004-03-19 05:17:22","2004-03-20 00:27:03"
"G. Webster","G. Webster",,23111,"R. J.",Willink,,,,1980,"A new coiled-stemmed camerate crinoid from the Permian of eastern Australia","Journal of Paleontology",,54,,15,34,"journal article","stated without evidence",English,,,,,"2007-02-26 19:07:16","2007-02-27 14:07:16"
